Id,IpNo,HostName,Processed,LastChangedUtc
1,192.168.1.1,host-1.local,true,2026-02-24T18:37:55Z
2,192.168.1.2,host-2.local,true,2026-03-11T23:46:23Z
3,192.168.1.3,host-3.local,true,2026-01-27T01:43:40Z
4,192.168.1.4,host-4.local,true,2026-02-21T10:14:19Z
5,192.168.1.5,host-5.local,true,2026-02-19T06:09:21Z
6,192.168.1.6,host-6.local,true,2026-03-22T23:03:59Z
7,192.168.1.7,host-7.local,true,2026-03-22T16:15:34Z
8,192.168.1.8,host-8.local,true,2026-02-07T07:04:18Z
9,192.168.1.9,host-9.local,true,2026-02-08T01:16:34Z
10,192.168.1.10,host-10.local,true,2026-02-13T07:38:27Z
11,192.168.1.11,host-11.local,true,2026-03-06T20:34:25Z
12,192.168.1.12,host-12.local,true,2026-03-15T11:39:56Z
13,192.168.1.13,host-13.local,true,2026-02-25T22:36:25Z
14,192.168.1.14,host-14.local,true,2026-01-07T20:30:34Z
15,192.168.1.15,host-15.local,true,2026-03-20T05:04:22Z
16,192.168.1.16,host-16.local,true,2026-02-19T05:21:40Z
17,192.168.1.17,host-17.local,true,2026-03-13T08:23:02Z
18,192.168.1.18,host-18.local,true,2026-03-17T09:16:27Z
19,192.168.1.19,host-19.local,true,2026-01-31T12:06:36Z
20,192.168.1.20,host-20.local,true,2026-02-07T01:23:33Z